"analysis","contrast","top100_overlap"
"exclude_GSE184316","disease_average",76
"exclude_GSE184316","disease_female",70
"exclude_GSE184316","disease_male",73
"no_age","disease_average",79
"no_age","disease_female",61
"no_age","disease_male",71
"leave_out_GSE138239","disease_average",75
"leave_out_GSE138239","disease_female",66
"leave_out_GSE138239","disease_male",80
"leave_out_GSE184316","disease_average",76
"leave_out_GSE184316","disease_female",70
"leave_out_GSE184316","disease_male",73
"leave_out_GSE199949","disease_average",80
"leave_out_GSE199949","disease_female",79
"leave_out_GSE199949","disease_male",81
"leave_out_GSE213001","disease_average",20
"leave_out_GSE213001","disease_female",5
"leave_out_GSE213001","disease_male",44
"leave_out_GSE73189","disease_average",90
"leave_out_GSE73189","disease_female",95
"leave_out_GSE73189","disease_male",89
